Film,Year,Awards,Nominations,Best Pictures
7th Heaven,1927,3,5,0
The Dove,1927,1,1,0
The Jazz Singer,1927,0,1,0
Sunrise,1927,3,4,0
Two Arabian Knights,1927,1,1,0
Underworld,1927,1,1,0
The Way of All Flesh,1927,1,1,0
Wings,1927,2,2,1
The Circus,1928,0,0,0
The Last Command,1928,1,2,0
The Patriot,1928,1,5,0
Street Angel,1928,1,3,0
Tempest,1928,1,1,0
White Shadows in the South Seas,1928,1,1,0
The Bridge of San Luis Rey,1929,1,1,0
The Broadway Melody,1929,1,3,1
Coquette,1929,1,1,0
Disraeli,1929,1,3,0
The Divine Lady,1929,1,3,0
In Old Arizona,1929,1,5,0
All Quiet on the Western Front,1930,2,4,1
The Big House,1930,2,4,0
The Dawn Patrol,1930,1,1,0
The Divorcee,1930,1,4,0
King of Jazz,1930,1,1,0
Min and Bill,1930,1,1,0
With Byrd at the South Pole,1930,1,1,0
Bad Girl,1931,2,3,0
The Champ,1931,2,4,0
Cimarron,1931,3,7,1
Dr. Jekyll and Mr. Hyde,1931,1,3,0
A Free Soul,1931,1,3,0
The Sin of Madelon Claudet,1931,1,1,0
Skippy,1931,1,4,0
Tabu,1931,1,1,0
Transatlantic,1931,1,1,0
Wrestling Swordfish,1931,1,1,0
A Farewell to Arms,1932,2,4,0
Flowers and Trees,1932,1,1,0
Grand Hotel,1932,1,1,1
The Music Box,1932,1,1,0
One Way Passage,1932,1,1,0
Shanghai Express,1932,1,3,0
Cavalcade,1933,3,4,1
Krakatoa,1933,1,1,0
Little Women,1933,1,3,0
Morning Glory,1933,1,1,0
The Private Life of Henry VIII,1933,1,2,0
So This Is Harris!,1933,1,1,0
Three Little Pigs,1933,1,1,0
City of Wax,1934,1,1,0
Cleopatra,1934,1,5,0
La Cucaracha,1934,1,1,0
Eskimo,1934,1,1,0
The Gay Divorcee,1934,1,5,0
It Happened One Night,1934,5,5,1
Manhattan Melodrama,1934,1,1,0
The Merry Widow,1934,1,1,0
One Night of Love,1934,2,6,0
The Tortoise and the Hare,1934,1,1,0
Viva Villa!,1934,1,4,0
Broadway Melody of 1936,1935,1,3,0
Dangerous,1935,1,1,0
The Dark Angel,1935,1,3,0
Folies Bergere,1935,1,1,0
Gold Diggers of 1935,1935,1,2,0
How to Sleep,1935,1,1,0
The Informer,1935,4,6,0
The Lives of a Bengal Lancer,1935,1,7,0
A Midsummer Night's Dream,1935,2,4,0
Mutiny on the Bounty,1935,1,8,1
Naughty Marietta,1935,1,2,0
The Scoundrel,1935,1,1,0
Three Orphan Kittens,1935,1,1,0
Wings Over Everest,1935,1,1,0
Anthony Adverse,1936,4,7,0
Bored of Education,1936,1,1,0
The Charge of the Light Brigade,1936,1,3,0
Come and Get It,1936,1,2,0
The Country Cousin,1936,1,1,0
Dodsworth,1936,1,7,0
The Garden of Allah,1936,0,2,0
Give Me Liberty,1936,1,1,0
The Great Ziegfeld,1936,3,7,1
Mr. Deeds Goes to Town,1936,1,5,0
The Public Pays,1936,1,1,0
San Francisco,1936,1,6,0
The Story of Louis Pasteur,1936,3,4,0
Swing Time,1936,1,2,0
The Awful Truth,1937,1,6,0
Captains Courageous,1937,1,4,0
A Damsel in Distress,1937,1,2,0
The Good Earth,1937,2,5,0
The Hurricane,1937,1,3,0
In Old Chicago,1937,2,6,0
The Life of Emile Zola,1937,3,10,1
Lost Horizon,1937,2,7,0
The Old Mill,1937,1,1,0
One Hundred Men and a Girl,1937,1,5,0
Penny Wisdom,1937,1,1,0
The Private Life of the Gannets,1937,1,1,0
Snow White and the Seven Dwarfs,1937,0,1,0
A Star Is Born,1937,0,0,0
Torture Money,1937,1,1,0
Waikiki Wedding,1937,1,2,0
The Adventures of Robin Hood,1938,3,4,0
Alexander's Ragtime Band,1938,1,6,0
The Big Broadcast of 1938,1938,1,1,0
Boys Town,1938,2,5,0
The Cowboy and the Lady,1938,1,3,0
Declaration of Independence,1938,1,1,0
Ferdinand the Bull,1938,1,1,0
The Great Waltz,1938,1,3,0
Jezebel,1938,2,5,0
Kentucky,1938,1,1,0
Pygmalion,1938,1,4,0
Spawn of the North,1938,0,2,0
Sweethearts,1938,1,7,0
That Mothers Might Live,1938,1,1,0
You Can't Take It with You,1938,2,7,1
Busy Little Bears,1939,1,1,0
Gone with the Wind,1939,0,0,1
"Goodbye, Mr. Chips",1939,1,7,0
Mr. Smith Goes to Washington,1939,1,11,0
The Rains Came,1939,1,6,0
Sons of Liberty,1939,1,1,0
Stagecoach,1939,2,7,0
The Ugly Duckling,1939,1,1,0
When Tomorrow Comes,1939,1,1,0
The Wizard of Oz,1939,2,6,0
Wuthering Heights,1939,1,8,0
"Arise, My Love",1940,1,4,0
Fantasia,1940,0,0,0
The Grapes of Wrath,1940,2,7,0
The Great McGinty,1940,1,1,0
Kitty Foyle (Kitty Foyle: The Natural History of a Woman),1940,1,5,0
The Milky Way,1940,1,1,0
North West Mounted Police,1940,1,5,0
The Philadelphia Story,1940,2,6,0
Pinocchio,1940,2,2,0
Pride and Prejudice,1940,1,1,0
Quicker'n a Wink,1940,1,1,0
Rebecca,1940,2,11,1
Strike Up the Band,1940,1,3,0
"Teddy, the Rough Rider",1940,1,1,0
The Thief of Bagdad,1940,3,4,0
Tin Pan Alley,1940,1,1,0
The Westerner,1940,1,3,0
All That Money Can Buy (The Devil and Daniel Webster),1941,1,2,0
Blood and Sand,1941,1,2,0
Blossoms in the Dust,1941,1,4,0
Churchill's Island,1941,1,1,0
Citizen Kane,1941,1,9,0
Dumbo,1941,1,2,0
The Great Lie,1941,1,1,0
Here Comes Mr. Jordan,1941,2,7,0
How Green Was My Valley,1941,5,10,1
I Wanted Wings,1941,1,1,0
Kukan,1941,0,0,0
Lady Be Good,1941,1,1,0
Lend a Paw,1941,1,1,0
Main Street on the March!,1941,1,1,0
Of Pups and Puzzles,1941,1,1,0
Sergeant York,1941,2,11,0
Suspicion,1941,1,3,0
Target for Tonight,1941,0,1,0
That Hamilton Woman,1941,1,4,0
The Battle of Midway,1942,1,1,0
Beyond the Line of Duty,1942,1,1,0
The Black Swan,1942,1,3,0
Der Fuehrer's Face,1942,1,1,0
Holiday Inn,1942,1,3,0
In Which We Serve,1942,0,1,0
The Invaders,1942,1,3,0
Johnny Eager,1942,1,1,0
Kokoda Front Line,1942,1,1,0
Moscow Strikes Back,1942,1,1,0
Mrs. Miniver,1942,6,12,1
My Gal Sal,1942,1,2,0
"Now, Voyager",1942,1,3,0
Prelude To War,1942,1,1,0
The Pride of the Yankees,1942,1,11,0
Reap the Wild Wind,1942,1,3,0
Speaking of Animals and Their Families,1942,1,1,0
This Above All,1942,1,4,0
Woman of the Year,1942,1,2,0
Yankee Doodle Dandy,1942,3,8,0
Air Force,1943,1,4,0
Amphibious Fighters,1943,1,1,0
Casablanca,1943,3,8,1
Crash Dive,1943,1,1,0
December 7th,1943,1,1,0
Desert Victory,1943,1,1,0
For Whom the Bell Tolls,1943,1,9,0
Heavenly Music,1943,1,1,0
"Hello, Frisco, Hello",1943,1,2,0
The Human Comedy,1943,1,5,0
The More the Merrier,1943,1,6,0
Phantom of the Opera,1943,2,4,0
Princess O'Rourke,1943,1,1,0
The Song of Bernadette,1943,4,12,0
This Is the Army,1943,1,3,0
This Land Is Mine,1943,1,1,0
Watch on the Rhine,1943,1,4,0
The Yankee Doodle Mouse,1943,1,1,0
Cover Girl,1944,1,5,0
The Fighting Lady,1944,1,1,0
Gaslight,1944,2,7,0
Going My Way,1944,7,10,1
I Won't Play,1944,1,1,0
Laura,1944,1,5,0
Mouse Trouble,1944,1,1,0
None But the Lonely Heart,1944,1,4,0
Since You Went Away,1944,1,9,0
Thirty Seconds Over Tokyo,1944,1,2,0
Who's Who in Animal Land,1944,1,1,0
Wilson,1944,5,10,0
With the Marines at Tarawa,1944,1,1,0
Anchors Aweigh,1945,1,5,0
The Bells of St. Mary's,1945,1,8,0
Blood on the Sun,1945,1,1,0
Frenchman's Creek,1945,1,1,0
Hitler Lives,1945,1,1,0
The House I Live In,1945,0,0,0
The House on 92nd Street,1945,1,1,0
Leave Her to Heaven,1945,1,4,0
The Lost Weekend,1945,4,7,1
Marie-Louise,1945,1,1,0
Mildred Pierce,1945,1,6,0
National Velvet,1945,2,5,0
The Picture of Dorian Gray,1945,1,3,0
Quiet Please!,1945,1,1,0
Spellbound,1945,1,6,0
Stairway to Light,1945,1,1,0
Star in the Night,1945,1,1,0
State Fair,1945,1,2,0
A Tree Grows in Brooklyn,1945,1,2,0
The True Glory,1945,1,1,0
Wonder Man,1945,1,4,0
Anna and the King of Siam,1946,2,5,0
The Best Years of Our Lives,1946,8,8,1
Blithe Spirit,1946,1,1,0
A Boy and His Dog,1946,1,1,0
The Cat Concerto,1946,1,1,0
Facing Your Danger,1946,1,1,0
The Harvey Girls,1946,1,2,0
Henry V,1946,0,4,0
The Jolson Story,1946,2,6,0
The Razor's Edge,1946,1,4,0
Seeds of Destiny,1946,1,1,0
The Seventh Veil,1946,1,1,0
To Each His Own,1946,1,2,0
Vacation from Marriage (UK title Perfect Strangers),1946,1,1,0
The Yearling,1946,2,7,0
The Bachelor and the Bobby-Soxer,1947,1,1,0
The Bishop's Wife,1947,1,5,0
Black Narcissus,1947,2,2,0
Body and Soul,1947,1,3,0
Climbing the Matterhorn,1947,1,1,0
Design for Death,1947,1,1,0
A Double Life,1947,2,4,0
The Farmer's Daughter,1947,1,2,0
First Steps,1947,1,1,0
Gentleman's Agreement,1947,3,8,1
"Goodbye, Miss Turlock",1947,1,1,0
Great Expectations,1947,2,5,0
Green Dolphin Street,1947,1,4,0
Miracle on 34th Street,1947,3,4,0
Mother Wore Tights,1947,1,3,0
Shoeshine (Sciuscià),1947,0,1,0
Song of the South,1947,1,1,0
Tweetie Pie,1947,1,1,0
Bill and Coo,1948,0,0,0
Easter Parade,1948,1,1,0
Hamlet,1948,4,7,1
Joan of Arc,1948,2,7,0
Johnny Belinda,1948,1,12,0
Key Largo,1948,1,1,0
The Little Orphan,1948,1,1,0
Monsieur Vincent,1948,0,0,0
The Naked City,1948,2,3,0
The Paleface,1948,1,1,0
Portrait of Jennie,1948,1,2,0
The Red Shoes,1948,2,5,0
Seal Island,1948,1,1,0
The Search,1948,1,4,0
The Secret Land,1948,1,1,0
The Snake Pit,1948,1,6,0
Symphony of a City,1948,1,1,0
Toward Independence,1948,1,1,0
The Treasure of the Sierra Madre,1948,3,4,0
The Adventures of Don Juan,1949,1,2,0
All the King's Men,1949,3,7,1
Aquatic House Party,1949,1,1,0
Battleground,1949,2,6,0
The Bicycle Thief,1949,0,1,0
Champion,1949,1,6,0
A Chance to Live,1949,1,1,0
Daybreak in Udi,1949,1,1,0
For Scent-imental Reasons,1949,1,1,0
The Heiress,1949,4,8,0
A Letter to Three Wives,1949,2,3,0
Little Women,1949,1,2,0
Mighty Joe Young,1949,1,1,0
Neptune's Daughter,1949,1,1,0
On the Town,1949,1,1,0
She Wore a Yellow Ribbon,1949,1,1,0
So Much for So Little,1949,1,1,0
The Stratton Story,1949,1,1,0
Twelve O'Clock High,1949,2,4,0
Van Gogh,1949,1,1,0
All About Eve,1950,6,14,1
Annie Get Your Gun,1950,1,4,0
Born Yesterday,1950,1,5,0
"Captain Carey, U.S.A.",1950,1,1,0
Cyrano de Bergerac,1950,1,1,0
Destination Moon,1950,1,2,0
Gerald McBoing-Boing,1950,1,1,0
Grandad of Races,1950,1,1,0
Harvey,1950,1,2,0
In Beaver Valley,1950,1,1,0
King Solomon's Mines,1950,2,3,0
Panic in the Streets,1950,1,1,0
Samson and Delilah,1950,2,5,0
Sunset Boulevard,1950,3,11,0
The Third Man,1950,1,3,0
The Titan: Story of Michelangelo,1950,1,1,0
The Walls of Malapaga,1950,0,0,0
Why Korea?,1950,1,1,0
The African Queen,1951,1,4,0
An American in Paris,1951,6,8,1
Benjy,1951,1,1,0
The Great Caruso,1951,1,3,0
Here Comes the Groom,1951,1,2,0
Kon-Tiki,1951,1,1,0
Nature's Half Acre,1951,1,1,0
A Place in the Sun,1951,6,9,0
Rashomon,1951,0,0,0
Seven Days to Noon,1951,1,1,0
A Streetcar Named Desire,1951,4,12,0
The Two Mouseketeers,1951,1,1,0
When Worlds Collide,1951,1,2,0
World of Kids,1951,1,1,0
The Bad and the Beautiful,1952,5,6,0
Breaking the Sound Barrier,1952,1,2,0
"Come Back, Little Sheba",1952,1,3,0
Forbidden Games,1952,0,0,0
The Greatest Show on Earth,1952,2,5,1
High Noon,1952,4,7,0
Johann Mouse,1952,1,1,0
The Lavender Hill Mob,1952,1,2,0
Light in the Window,1952,1,1,0
Moulin Rouge,1952,2,7,0
Neighbours,1952,1,2,0
Plymouth Adventure,1952,1,1,0
The Quiet Man,1952,2,7,0
The Sea Around Us,1952,1,1,0
Viva Zapata!,1952,1,5,0
Water Birds,1952,1,1,0
With a Song in My Heart,1952,1,5,0
The Alaskan Eskimo,1953,1,1,0
Bear Country,1953,1,1,0
Calamity Jane,1953,1,3,0
Call Me Madam,1953,1,2,0
From Here to Eternity,1953,8,13,1
Julius Caesar,1953,1,5,0
Lili,1953,1,6,0
The Living Desert,1953,1,1,0
Overture to The Merry Wives of Windsor,1953,1,1,0
The Robe,1953,2,5,0
Roman Holiday,1953,3,10,0
Shane,1953,1,6,0
Stalag 17,1953,1,3,0
Titanic,1953,1,2,0
"Toot, Whistle, Plunk and Boom",1953,1,1,0
The War of the Worlds,1953,1,3,0
"20,000 Leagues Under the Sea",1954,2,3,0
The Barefoot Contessa,1954,1,2,0
Broken Lance,1954,1,2,0
The Country Girl,1954,2,7,0
Gate of Hell (Jigokumon),1954,0,1,0
The Glenn Miller Story,1954,1,3,0
The High and the Mighty,1954,1,6,0
The Little Kidnappers[11],1954,0,2,0
On the Waterfront,1954,8,12,1
Sabrina,1954,1,6,0
Seven Brides for Seven Brothers,1954,1,5,0
This Mechanical Age,1954,1,1,0
Three Coins in the Fountain,1954,2,3,0
Thursday's Children,1954,1,1,0
A Time Out of War,1954,1,1,0
The Vanishing Prairie,1954,1,1,0
When Magoo Flew,1954,1,1,0
The Bridges at Toko-Ri,1955,1,2,0
East of Eden,1955,1,4,0
The Face of Lincoln,1955,1,2,0
Helen Keller in Her Story (The Unconquered),1955,1,1,0
I'll Cry Tomorrow,1955,1,4,0
Interrupted Melody,1955,1,3,0
Love Is a Many-Splendored Thing,1955,3,8,0
Love Me or Leave Me,1955,1,6,0
Marty,1955,4,8,1
Men Against the Arctic,1955,1,1,0
Mister Roberts,1955,1,3,0
Oklahoma!,1955,2,4,0
Picnic,1955,2,6,0
The Rose Tattoo,1955,3,8,0
Samurai I: Musashi Miyamoto (Miyamoto Musashi),1955,1,1,0
Speedy Gonzales,1955,1,1,0
Survival City,1955,1,1,0
To Catch a Thief,1955,1,3,0
Anastasia,1956,1,2,0
Around the World in Eighty Days,1956,5,8,1
The Bespoke Overcoat,1956,1,1,0
The Brave One,1956,1,3,0
Crashing the Water Barrier,1956,1,1,0
Giant,1956,1,10,0
The King and I,1956,5,9,0
La Strada (The Road),1956,1,2,0
Lust for Life,1956,1,4,0
Magoo's Puddle Jumper,1956,1,1,0
The Man Who Knew Too Much,1956,1,1,0
The Red Balloon (Le ballon rouge),1956,1,1,0
The Silent World (Le Monde du silence),1956,1,1,0
The Solid Gold Cadillac,1956,1,2,0
Somebody Up There Likes Me,1956,2,3,0
The Ten Commandments,1956,1,7,0
The True Story of the Civil War,1956,1,1,0
Written on the Wind,1956,1,3,0
Albert Schweitzer,1957,1,1,0
Birds Anonymous,1957,1,1,0
The Bridge on the River Kwai,1957,7,8,1
Designing Woman,1957,1,1,0
The Enemy Below,1957,1,1,0
The Joker Is Wild,1957,1,1,0
Les Girls,1957,1,3,0
Nights of Cabiria (Le Notti di Cabiria),1957,1,1,0
Sayonara,1957,4,10,0
The Three Faces of Eve,1957,1,1,0
The Wetback Hound,1957,1,1,0
Ama Girls,1958,1,1,0
The Big Country,1958,1,2,0
The Defiant Ones,1958,2,9,0
Gigi,1958,9,9,1
Grand Canyon,1958,1,1,0
I Want to Live!,1958,1,6,0
Knighty Knight Bugs,1958,1,1,0
My Uncle (Mon oncle),1958,1,1,0
The Old Man and the Sea,1958,1,3,0
Separate Tables,1958,2,7,0
South Pacific,1958,1,3,0
tom thumb,1958,1,1,0
White Wilderness,1958,1,2,0
Ben-Hur,1959,11,12,1
Black Orpheus (Orfeu Negro),1959,1,1,0
The Diary of Anne Frank,1959,3,8,0
Glass (Glas),1959,1,1,0
The Golden Fish (Histoire d'un poisson rouge),1959,1,1,0
A Hole in the Head,1959,1,1,0
Moonbird,1959,1,1,0
Pillow Talk,1959,1,5,0
Porgy and Bess,1959,1,4,0
Room at the Top,1959,2,6,0
Serengeti Shall Not Die (Serengeti darf nicht sterben),1959,1,1,0
Some Like It Hot,1959,1,6,0
The Alamo,1960,1,7,0
The Apartment,1960,5,10,1
BUtterfield 8,1960,1,2,0
Day of the Painter,1960,1,1,0
Elmer Gantry,1960,3,5,0
Exodus,1960,1,3,0
The Facts of Life,1960,1,5,0
Giuseppina,1960,1,1,0
The Horse with the Flying Tail,1960,1,1,0
Munro,1960,1,1,0
Never on Sunday (Pote tin Kyriaki),1960,1,5,0
Pollyanna,1960,1,1,0
Song Without End,1960,1,1,0
Sons and Lovers,1960,1,7,0
Spartacus,1960,4,6,0
The Time Machine,1960,1,1,0
The Virgin Spring (Jungfrukällan),1960,1,2,0
Breakfast at Tiffany's,1961,2,5,0
A Force in Readiness,1961,1,1,0
The Guns of Navarone,1961,1,7,0
The Hustler,1961,2,9,0
Judgment at Nuremberg,1961,2,11,0
La Dolce Vita,1961,1,4,0
Project Hope,1961,1,1,0
Seawards the Great Ships,1961,1,1,0
Sky Above and Mud Beneath (Le Ciel et la boue),1961,1,1,0
Splendor in the Grass,1961,1,2,0
The Substitute (Surogat),1961,1,1,0
Through a Glass Darkly (Såsom i en spegel),1961,1,2,0
Two Women (La Ciociara),1961,1,1,0
West Side Story,1961,10,11,1
Black Fox: The Rise and Fall of Adolf Hitler (The Black Fox),1962,1,1,0
Days of Wine and Roses,1962,1,5,0
Divorce Italian Style,1962,1,3,0
Dylan Thomas,1962,1,1,0
Happy Anniversary (Heureux Anniversaire),1962,1,1,0
The Hole,1962,1,1,0
Lawrence of Arabia,1962,7,10,1
The Longest Day,1962,2,5,0
The Miracle Worker,1962,2,5,0
The Music Man,1962,1,6,0
Sundays and Cybele (Le Dimanches de Ville d'Avray),1962,1,3,0
Sweet Bird of Youth,1962,1,3,0
To Kill a Mockingbird,1962,3,8,0
What Ever Happened to Baby Jane?,1962,1,5,0
The Wonderful World of the Brothers Grimm,1962,1,4,0
"America, America",1963,1,4,0
Chagall,1963,1,1,0
Cleopatra,1963,4,9,0
The Critic,1963,1,1,0
Federico Fellini's 8½,1963,2,5,0
How the West Was Won,1963,3,8,0
Hud,1963,3,7,0
Irma la Douce,1963,1,3,0
"It's a Mad, Mad, Mad, Mad World",1963,1,6,0
Lilies of the Field,1963,1,5,0
An Occurrence at Owl Creek Bridge,1963,6,10,0
Papa's Delicate Condition,1963,1,1,0
Robert Frost: A Lover's Quarrel with the World,1963,1,1,0
Tom Jones,1963,4,10,1
The V.I.P.s,1963,1,1,0
7 Faces of Dr. Lao,1964,0,2,0
Becket,1964,1,12,0
Casals Conducts: 1964,1964,1,1,0
Father Goose,1964,1,3,0
Goldfinger,1964,1,1,0
Mary Poppins,1964,5,13,0
My Fair Lady,1964,8,12,1
The Night of the Iguana,1964,1,4,0
Nine from Little Rock,1964,1,1,0
The Pink Phink,1964,1,1,0
Topkapi,1964,1,1,0
World Without Sun (Le Monde sans soleil),1964,1,1,0
"Yesterday, Today and Tomorrow (Ieri, oggi, domani)",1964,1,1,0
Zorba the Greek (Alexis Zorbas),1964,3,7,0
Cat Ballou,1965,1,5,0
The Chicken (Le Poulet),1965,1,1,0
Darling,1965,3,5,0
Doctor Zhivago,1965,5,10,0
The Dot and the Line (The Dot and the Line: A Romance in Lower Mathematics),1965,1,1,0
The Eleanor Roosevelt Story,1965,1,1,0
The Great Race,1965,1,5,0
A Patch of Blue,1965,1,5,0
The Sandpiper,1965,1,1,0
Ship of Fools,1965,2,8,0
The Shop on Main Street (Obchod na korze),1965,1,2,0
The Sound of Music,1965,5,10,1
A Thousand Clowns,1965,1,4,0
Thunderball,1965,1,1,0
To Be Alive!,1965,1,1,0
Born Free,1966,2,2,0
Fantastic Voyage,1966,2,5,0
The Fortune Cookie,1966,1,4,0
A Funny Thing Happened on the Way to the Forum,1966,1,1,0
Grand Prix,1966,3,3,0
A Herb Alpert and the Tijuana Brass Double Feature,1966,1,1,0
A Man and a Woman,1966,2,4,0
A Man for All Seasons,1966,6,8,1
The War Game,1966,1,1,0
Who's Afraid of Virginia Woolf?,1966,5,13,0
Wild Wings,1966,1,1,0
A Year Toward Tomorrow,1966,1,1,0
The Anderson Platoon (La Section Anderson),1967,1,1,0
Bonnie and Clyde,1967,2,10,0
The Box,1967,1,1,0
Camelot,1967,3,5,0
Closely Watched Trains (Ostre sledované vlaky),1967,1,1,0
Cool Hand Luke,1967,1,4,0
The Dirty Dozen,1967,1,4,0
Doctor Dolittle,1967,2,9,0
The Graduate,1967,1,7,0
Guess Who's Coming to Dinner,1967,2,10,0
In the Heat of the Night,1967,5,7,1
"A Place to Stand (A Place to Stand, A Place to Grow)",1967,1,2,0
The Redwoods,1967,1,1,0
Thoroughly Modern Millie,1967,1,7,0
2001: A Space Odyssey,1968,1,4,0
Bullitt,1968,1,2,0
Charly,1968,1,1,0
Funny Girl,1968,1,8,0
Journey into Self,1968,1,1,0
The Lion in Winter,1968,3,7,0
Oliver!,1968,3,10,1
Planet of the Apes,1968,0,4,0
The Producers,1968,1,2,0
Robert Kennedy Remembered,1968,1,1,0
Romeo and Juliet,1968,2,4,0
Rosemary's Baby,1968,1,2,0
The Subject Was Roses,1968,1,2,0
The Thomas Crown Affair,1968,1,2,0
War and Peace (Voyna i mir),1968,1,2,0
Why Man Creates,1968,1,1,0
Winnie the Pooh and the Blustery Day,1968,1,1,0
Anne of the Thousand Days,1969,1,10,0
Arthur Rubinstein – The Love of Life (L'amour de la vie - Artur Rubinstein),1969,1,1,0
Butch Cassidy and the Sundance Kid,1969,4,7,0
Cactus Flower,1969,1,1,0
Czechoslovakia 1968,1969,1,1,0
"Hello, Dolly!",1969,3,7,0
It's Tough to Be a Bird,1969,1,1,0
The Magic Machines,1969,1,2,0
Marooned,1969,1,3,0
Midnight Cowboy,1969,3,7,1
The Prime of Miss Jean Brodie,1969,1,2,0
"They Shoot Horses, Don't They?",1969,1,9,0
True Grit,1969,1,2,0
Z,1969,2,5,0
Airport,1970,1,10,0
Cromwell,1970,1,2,0
Interviews with My Lai Veterans,1970,1,1,0
Investigation of a Citizen Above Suspicion (Indagine su un cittadino al di sopra di ogni sospetto),1970,1,2,0
Is It Always Right to Be Right?,1970,1,1,0
Let It Be,1970,1,1,0
Love Story,1970,1,7,0
Lovers and Other Strangers,1970,1,3,0
M*A*S*H,1970,1,5,0
Patton,1970,7,10,1
The Resurrection of Broncho Billy,1970,1,1,0
Ryan's Daughter,1970,2,4,0
Tora! Tora! Tora!,1970,1,5,0
Women in Love,1970,1,4,0
Woodstock,1970,1,3,0
Bedknobs and Broomsticks,1971,1,5,0
The Crunch Bird,1971,1,1,0
Fiddler on the Roof,1971,3,8,0
The French Connection,1971,5,8,1
The Garden of the Finzi-Continis (Il Giardino dei Finzi-Contini),1971,1,2,0
The Hellstrom Chronicle,1971,1,1,0
The Hospital,1971,1,2,0
Klute,1971,1,2,0
The Last Picture Show,1971,2,8,0
Nicholas and Alexandra,1971,2,6,0
Sentinels of Silence,1971,2,2,0
Shaft,1971,1,2,0
Summer of '42,1971,1,4,0
Butterflies Are Free,1972,1,3,0
Cabaret,1972,8,10,0
The Candidate,1972,1,2,0
A Christmas Carol,1972,0,2,0
The Discreet Charm of the Bourgeoisie (Le charme discret de la bourgeoisie),1972,1,2,0
The Godfather,1972,1,2,1
Limelight,1972,0,2,0
Marjoe,1972,1,1,0
Norman Rockwell's World... An American Dream,1972,1,1,0
The Poseidon Adventure,1972,0,2,0
This Tiny World,1972,1,1,0
Travels with My Aunt,1972,1,4,0
The Bolero,1973,1,1,0
Cries and Whispers (Viskningar och rop),1973,1,5,0
Day for Night (La Nuit américaine),1973,1,4,0
The Exorcist,1973,2,10,0
Frank Film,1973,1,1,0
The Great American Cowboy,1973,1,1,0
The Paper Chase,1973,1,3,0
Paper Moon,1973,1,4,0
Princeton: A Search for Answers,1973,1,1,0
Save the Tiger,1973,1,3,0
The Sting,1973,7,10,1
A Touch of Class,1973,1,5,0
The Way We Were,1973,2,6,0
Alice Doesn't Live Here Anymore,1974,1,3,0
Amarcord,1974,1,3,0
Chinatown,1974,1,11,0
Closed Mondays,1974,1,1,0
Don't,1974,1,1,0
Earthquake,1974,0,2,0
The Godfather Part II,1974,6,11,1
The Great Gatsby,1974,2,2,0
Harry and Tonto,1974,1,2,0
Hearts and Minds,1974,1,1,0
Murder on the Orient Express,1974,1,6,0
"One-Eyed Men Are Kings (...borgnes sont rois, Les)",1974,1,1,0
The Towering Inferno,1974,3,8,0
Angel and Big Joe,1975,1,1,0
Barry Lyndon,1975,4,7,0
Dersu Uzala,1975,1,1,0
Dog Day Afternoon,1975,1,6,0
The End of the Game,1975,1,1,0
Great (Great (Isambard Kingdom Brunel)),1975,1,1,0
The Hindenburg,1975,0,3,0
Jaws,1975,3,4,0
The Man Who Skied Down Everest,1975,1,1,0
Nashville,1975,1,5,0
One Flew over the Cuckoo's Nest,1975,5,9,1
Shampoo,1975,1,4,0
The Sunshine Boys,1975,1,4,0
All the President's Men,1976,4,8,0
Black and White in Color (Noirs et blancs en couleur),1976,1,1,0
Bound for Glory,1976,2,6,0
Fellini's Casanova (Il Casanova di Federico Fellini),1976,1,2,0
"Harlan County, USA",1976,1,1,0
In the Region of Ice,1976,1,1,0
King Kong,1976,0,0,0
Leisure,1976,1,1,0
Logan's Run,1976,0,0,0
Network,1976,4,10,0
Number Our Days,1976,1,1,0
The Omen,1976,1,2,0
Rocky,1976,3,10,1
A Star Is Born,1976,1,4,0
Annie Hall,1977,4,5,1
Close Encounters of the Third Kind,1977,0,3,0
The Goodbye Girl,1977,1,5,0
Gravity Is My Enemy,1977,1,1,0
I'll Find a Way,1977,1,1,0
Julia,1977,3,11,0
A Little Night Music,1977,1,2,0
Madame Rosa (La Vie devant soi),1977,1,1,0
The Sand Castle (Le Château de sable),1977,1,1,0
Star Wars,1977,0,2,0
Who Are the DeBolts? And Where Did They Get Nineteen Kids?,1977,1,1,0
You Light Up My Life,1977,1,1,0
The Buddy Holly Story,1978,1,3,0
California Suite,1978,1,3,0
Coming Home,1978,3,8,0
Days of Heaven,1978,1,4,0
Death on the Nile,1978,1,1,0
The Deer Hunter,1978,5,9,1
The Flight of the Gossamer Condor,1978,1,1,0
Get Out Your Handkerchiefs (Préparez vos mouchoirs),1978,1,1,0
Heaven Can Wait,1978,1,9,0
Midnight Express,1978,2,6,0
Scared Straight!,1978,1,1,0
Special Delivery,1978,1,1,0
Superman,1978,1,1,0
Teenage Father,1978,1,1,0
Thank God It's Friday,1978,1,1,0
Alien,1979,1,2,0
All That Jazz,1979,4,9,0
Apocalypse Now,1979,2,8,0
Being There,1979,1,2,0
Best Boy,1979,1,1,0
The Black Stallion,1979,1,3,0
Board and Care,1979,1,1,0
Breaking Away,1979,1,5,0
Every Child,1979,1,1,0
Kramer vs. Kramer,1979,5,9,1
A Little Romance,1979,1,2,0
Norma Rae,1979,2,4,0
Paul Robeson: Tribute to an Artist,1979,1,1,0
The Tin Drum (Die Blechtrommel),1979,1,1,0
Coal Miner's Daughter,1980,1,7,0
The Dollar Bottom,1980,1,1,0
The Empire Strikes Back,1980,0,3,0
Fame,1980,2,6,0
The Fly (A Légy),1980,1,1,0
From Mao to Mozart: Isaac Stern in China,1980,1,1,0
Karl Hess: Toward Liberty,1980,1,1,0
Melvin and Howard,1980,2,3,0
Moscow Does Not Believe in Tears,1980,1,1,0
Ordinary People,1980,4,6,1
Raging Bull,1980,2,8,0
Tess,1980,3,6,0
An American Werewolf in London,1981,1,1,0
Arthur,1981,2,4,0
Chariots of Fire,1981,4,7,1
Close Harmony,1981,1,1,0
Crac,1981,1,1,0
Genocide,1981,1,1,0
Mephisto,1981,1,1,0
On Golden Pond,1981,3,10,0
Raiders of the Lost Ark,1981,1,8,0
Reds,1981,3,12,0
Violet,1981,1,1,0
E.T.: The Extra-Terrestrial,1982,4,9,0
Gandhi,1982,8,11,1
If You Love This Planet,1982,1,1,0
Just Another Missing Kid,1982,0,4,0
Missing,1982,1,4,0
An Officer and a Gentleman,1982,2,6,0
Quest for Fire,1982,1,1,0
A Shocking Accident,1982,1,1,0
Sophie's Choice,1982,1,5,0
Tango,1982,1,1,0
To Begin Again (Volver a empezar),1982,1,1,0
Tootsie,1982,1,10,0
Victor Victoria,1982,1,7,0
Boys and Girls,1983,1,1,0
Fanny & Alexander (Fanny och Alexander),1983,4,6,0
Flamenco at 5:15,1983,1,1,0
Flashdance,1983,1,4,0
He Makes Me Feel Like Dancin',1983,1,1,0
Return of the Jedi,1983,1,4,0
The Right Stuff,1983,4,8,0
Sundae in New York,1983,1,1,0
Tender Mercies,1983,2,5,0
Terms of Endearment,1983,5,11,1
The Year of Living Dangerously,1983,1,1,0
Yentl,1983,1,5,0
Amadeus,1984,8,11,1
Charade,1984,1,1,0
Dangerous Moves (La Diagonale du fou),1984,1,1,0
Indiana Jones and the Temple of Doom,1984,1,2,0
The Killing Fields,1984,3,7,0
A Passage to India,1984,2,11,0
Places in the Heart,1984,2,7,0
Purple Rain,1984,1,1,0
The River,1984,3,6,0
The Stone Carvers,1984,1,1,0
The Times of Harvey Milk,1984,1,1,0
Up,1984,1,1,0
The Woman in Red,1984,1,1,0
Anna & Bella,1985,1,1,0
Back to the Future,1985,1,4,0
Broken Rainbow,1985,1,1,0
Cocoon,1985,2,2,0
Kiss of the Spider Woman,1985,1,4,0
Mask,1985,1,1,0
Molly's Pilgrim,1985,1,1,0
The Official Story (La Historia Oficial),1985,1,2,0
Out of Africa,1985,7,11,1
Prizzi's Honor,1985,1,8,0
Ran,1985,1,4,0
The Trip to Bountiful,1985,1,2,0
White Nights,1985,1,2,0
Witness,1985,2,8,0
Witness to War: Dr. Charlie Clements,1985,1,1,0
Aliens,1986,2,7,0
Artie Shaw: Time Is All You've Got,1986,1,1,0
The Assault (De Aanslag),1986,1,1,0
Children of a Lesser God,1986,1,5,0
The Color of Money,1986,1,4,0
Down and Out in America,1986,1,1,0
The Fly,1986,1,1,0
A Greek Tragedy,1986,1,1,0
Hannah and Her Sisters,1986,3,7,0
The Mission,1986,1,7,0
Platoon,1986,4,8,1
Precious Images,1986,1,1,0
A Room with a View,1986,3,8,0
Round Midnight,1986,1,2,0
Top Gun,1986,1,4,0
"Women – for America, for the World",1986,1,1,0
Babette's Feast (Babettes gæstebud),1987,1,1,0
Dirty Dancing,1987,1,1,0
Harry and the Hendersons,1987,1,1,0
Innerspace,1987,1,1,0
The Last Emperor,1987,9,9,1
The Man Who Planted Trees (L' Homme qui plantait des arbres),1987,1,1,0
Moonstruck,1987,3,6,0
Ray's Male Heterosexual Dance Hall,1987,1,1,0
RoboCop,1987,4,8,0
The Ten-Year Lunch: The Wit and Legend of the Algonquin Round Table,1987,1,1,0
The Untouchables,1987,1,4,0
Wall Street,1987,1,1,0
Young at Heart,1987,1,1,0
Rain Man,1988,4,8,1
Dangerous Liaisons,1988,3,7,0
Who Framed Roger Rabbit,1988,5,11,0
Mississippi Burning,1988,1,7,0
Working Girl,1988,1,6,0
The Accidental Tourist,1988,1,4,0
The Accused,1988,1,1,0
The Appointments of Dennis Jennings,1988,1,1,0
Beetlejuice,1988,1,1,0
Bird,1988,1,1,0
A Fish Called Wanda,1988,1,3,0
Hotel Terminus: The Life and Times of Klaus Barbie,1988,1,1,0
The Milagro Beanfield War,1988,1,1,0
Pelle the Conqueror (Pelle erobreren),1988,1,2,0
Tin Toy,1988,1,1,0
You Don't Have to Die,1988,1,1,0
Driving Miss Daisy,1989,4,9,1
Glory,1989,3,5,0
Born on the Fourth of July,1989,2,8,0
My Left Foot,1989,2,5,0
The Little Mermaid,1989,2,3,0
Dead Poets Society,1989,1,4,0
The Abyss,1989,1,4,0
Indiana Jones and the Last Crusade,1989,1,3,0
Henry V,1989,1,3,0
The Johnstown Flood,1989,1,1,0
Common Threads: Stories from the Quilt,1989,1,1,0
Cinema Paradiso,1989,1,1,0
Work Experience,1989,1,1,0
Batman,1989,1,1,0
Balance,1989,1,1,0
Dances with Wolves,1990,7,12,1
Dick Tracy,1990,3,7,0
Ghost,1990,2,5,0
Goodfellas,1990,1,6,0
The Hunt for Red October,1990,1,3,0
Reversal of Fortune,1990,1,3,0
Cyrano de Bergerac,1990,1,5,0
American Dream,1990,1,1,0
Journey of Hope (Reise der Hoffnung),1990,1,1,0
Days of Waiting,1990,1,1,0
Creature Comforts,1990,1,1,0
The Lunch Date,1990,1,1,0
Misery,1990,1,1,0
Total Recall,1990,1,8,0
The Silence of the Lambs,1991,5,7,1
Terminator 2: Judgment Day,1991,4,6,0
Bugsy,1991,2,10,0
JFK,1991,2,8,0
Beauty and the Beast,1991,2,6,0
Thelma & Louise,1991,1,6,0
The Fisher King,1991,1,5,0
In the Shadow of the Stars,1991,1,1,0
Manipulation,1991,1,1,0
Mediterraneo,1991,1,1,0
Session Man,1991,1,1,0
City Slickers,1991,1,1,0
"Deadly Deception: General Electric, Nuclear Weapons and Our Environment",1991,1,1,0
Unforgiven,1992,4,9,1
Howards End,1992,3,9,0
Bram Stoker's Dracula,1992,3,4,0
Aladdin,1992,2,5,0
The Crying Game,1992,1,6,0
Scent of a Woman,1992,1,4,0
A River Runs Through It,1992,1,3,0
Indochine,1992,1,2,0
My Cousin Vinny,1992,1,1,0
The Panama Deception,1992,1,1,0
Educating Peter,1992,1,1,0
The Last of the Mohicans,1992,1,1,0
Death Becomes Her,1992,1,1,0
Omnibus,1992,1,1,0
Mona Lisa Descending a Staircase,1992,1,1,0
Malcolm X,1992,1,1,0
Schindler's List,1993,7,12,1
The Piano,1993,3,8,0
Jurassic Park,1993,3,3,0
Philadelphia,1993,2,5,0
The Fugitive,1993,1,7,0
The Age of Innocence,1993,1,5,0
The Wrong Trousers,1993,1,1,0
Belle Époque (The Beautiful Era),1993,1,1,0
I Am a Promise: The Children of Stanton Elementary School,1993,1,1,0
Mrs. Doubtfire,1993,1,1,0
Black Rider (Schwarzfahrer),1993,1,1,0
Defending Our Lives,1993,1,1,0
Forrest Gump,1994,6,13,1
The Lion King,1994,2,4,0
Speed,1994,2,3,0
Ed Wood,1994,2,2,0
Pulp Fiction,1994,1,7,0
Bullets over Broadway,1994,1,7,0
The Madness of King George,1994,1,4,0
Legends of the Fall,1994,1,3,0
A Time for Justice,1994,1,1,0
Franz Kafka's It's a Wonderful Life,1994,1,1,0
Maya Lin: A Strong Clear Vision,1994,1,1,0
Burnt by the Sun (Utomlyonnye solntsem),1994,1,1,0
Trevor,1994,1,1,0
"The Adventures of Priscilla, Queen of the Desert",1994,1,1,0
Bob's Birthday,1994,1,1,0
Blue Sky,1994,1,1,0
Braveheart,1995,5,10,1
Apollo 13,1995,2,9,0
Pocahontas,1995,2,2,0
The Usual Suspects,1995,2,2,0
Restoration,1995,2,2,0
Babe,1995,1,7,0
Sense and Sensibility,1995,1,7,0
Il Postino (The Postman),1995,1,5,0
Dead Man Walking,1995,1,4,0
Leaving Las Vegas,1995,1,4,0
Mighty Aphrodite,1995,1,2,0
Anne Frank Remembered,1995,1,1,0
A Close Shave,1995,1,1,0
Lieberman in Love,1995,1,1,0
One Survivor Remembers,1995,1,1,0
Antonia's Line (Antonia),1995,1,1,0
Toy Story,1995,8,13,0
The English Patient,1996,9,12,1
Fargo,1996,2,7,0
Shine,1996,1,7,0
Evita,1996,1,5,0
Jerry Maguire,1996,1,5,0
Independence Day,1996,1,2,0
Emma,1996,1,2,0
Sling Blade,1996,1,2,0
The Ghost and the Darkness,1996,1,1,0
Kolya,1996,1,1,0
The Nutty Professor,1996,1,1,0
Quest,1996,1,1,0
When We Were Kings,1996,1,1,0
Breathing Lessons: The Life and Work of Mark O'Brien,1996,1,1,0
Dear Diary,1996,1,1,0
Titanic,1997,11,14,1
Good Will Hunting,1997,2,9,0
L.A. Confidential,1997,2,9,0
As Good as It Gets,1997,2,7,0
The Full Monty,1997,1,4,0
Men in Black,1997,1,3,0
Visas and Virtue,1997,1,1,0
Character (Karakter),1997,1,1,0
Geri's Game,1997,1,1,0
A Story of Healing,1997,1,1,0
The Long Way Home,1997,1,1,0
Shakespeare in Love,1998,7,13,1
Saving Private Ryan,1998,5,11,0
Life Is Beautiful (La vita è bella),1998,3,7,0
Elizabeth,1998,1,7,0
Gods and Monsters,1998,1,3,0
The Prince of Egypt,1998,1,2,0
Affliction,1998,1,2,0
What Dreams May Come,1998,1,2,0
The Personals,1998,1,1,0
The Last Days,1998,1,1,0
Election Night (Valgaften),1998,1,1,0
Bunny,1998,1,1,0
American Beauty,1999,5,8,1
The Matrix,1999,4,4,0
The Cider House Rules,1999,2,7,0
Topsy-Turvy,1999,2,4,0
Sleepy Hollow,1999,1,3,0
Boys Don't Cry,1999,1,2,0
Tarzan,1999,1,1,0
One Day in September,1999,1,1,0
The Red Violin (Le violon rouge),1999,1,1,0
The Old Man and the Sea,1999,1,1,0
My Mother Dreams the Satan's Disciples in New York,1999,1,1,0
King Gimp,1999,1,1,0
"Girl, Interrupted",1999,1,1,0
All About My Mother (Todo sobre mi madre),1999,1,1,0
Gladiator,2000,5,12,1
"Crouching Tiger, Hidden Dragon",2000,4,10,0
Traffic,2000,4,5,0
Erin Brockovich,2000,1,5,0
Almost Famous,2000,1,4,0
Wonder Boys,2000,1,3,0
Dr. Seuss' How the Grinch Stole Christmas (How the Grinch Stole Christmas),2000,1,3,0
U-571,2000,1,2,0
Pollock,2000,1,2,0
Father and Daughter,2000,1,1,0
Into the Arms of Strangers: Stories of the Kindertransport,2000,1,1,0
Quiero ser (I want to be ...),2000,1,1,0
Big Mama,2000,1,1,0
A Beautiful Mind,2001,4,8,1
The Lord of the Rings: The Fellowship of the Ring,2001,4,13,0
Moulin Rouge!,2001,2,8,0
Black Hawk Down,2001,2,4,0
Gosford Park,2001,1,7,0
"Monsters, Inc.",2001,1,4,0
Pearl Harbor,2001,1,4,0
Iris,2001,1,3,0
Shrek,2001,1,2,0
Training Day,2001,1,2,0
Monster's Ball,2001,1,2,0
Thoth,2001,1,1,0
For the Birds,2001,1,1,0
No Man's Land,2001,1,1,0
Murder on a Sunday Morning (Un coupable idéal),2001,1,1,0
The Accountant,2001,1,1,0
Chicago,2002,6,13,1
The Pianist,2002,3,7,0
The Lord of the Rings: The Two Towers,2002,2,6,0
Frida,2002,2,6,0
The Hours,2002,1,9,0
Road to Perdition,2002,1,6,0
Adaptation,2002,1,4,0
Talk to Her (Hable con ella),2002,1,2,0
This Charming Man (Der Er En Yndig Mand),2002,1,1,0
Spirited Away,2002,1,1,0
Nowhere in Africa (Nirgendwo in Afrika),2002,1,1,0
The Chubbchubbs!,2002,1,1,0
Twin Towers,2002,1,1,0
Bowling for Columbine,2002,1,1,0
8 Mile,2002,1,1,0
The Lord of the Rings: The Return of the King,2003,11,11,1
Master and Commander: The Far Side of the World,2003,2,10,0
Mystic River,2003,2,6,0
Cold Mountain,2003,1,7,0
Lost in Translation,2003,1,4,0
Finding Nemo,2003,1,4,0
The Barbarian Invasions,2003,1,2,0
Two Soldiers,2003,1,1,0
Monster,2003,1,1,0
Harvie Krumpet,2003,1,1,0
Chernobyl Heart,2003,1,1,0
The Fog of War,2003,1,1,0
Million Dollar Baby,2004,4,7,1
The Aviator,2004,5,11,0
Ray,2004,2,6,0
The Incredibles,2004,2,4,0
Finding Neverland,2004,1,7,0
Sideways,2004,1,5,0
Lemony Snicket's A Series of Unfortunate Events,2004,1,4,0
Spider-Man 2,2004,1,3,0
Eternal Sunshine of the Spotless Mind,2004,1,2,0
The Motorcycle Diaries,2004,1,2,0
The Sea Inside,2004,1,2,0
Born into Brothels: Calcutta's Red Light Kids,2004,1,1,0
Mighty Times: The Children's March,2004,1,1,0
Wasp,2004,1,1,0
Ryan,2004,1,1,0
Crash,2005,3,6,1
Brokeback Mountain,2005,3,8,0
Memoirs of a Geisha,2005,3,6,0
King Kong,2005,3,4,0
Capote,2005,1,5,0
Walk the Line,2005,1,5,0
The Constant Gardener,2005,1,4,0
"The Chronicles of Narnia: The Lion, the Witch and the Wardrobe",2005,1,3,0
Hustle & Flow,2005,1,2,0
Syriana,2005,1,2,0
March of the Penguins (La Marche de l'empereur),2005,1,1,0
Six Shooter,2005,1,1,0
The Moon and the Son: An Imagined Conversation,2005,1,1,0
A Note of Triumph: The Golden Age of Norman Corwin,2005,1,1,0
Tsotsi,2005,1,1,0
Wallace & Gromit: The Curse of the Were-Rabbit,2005,1,1,0
The Departed,2006,4,5,1
Pan's Labyrinth (El laberinto del fauno),2006,3,6,0
Dreamgirls,2006,2,8,0
Little Miss Sunshine,2006,2,4,0
An Inconvenient Truth,2006,2,2,0
Babel,2006,1,7,0
The Queen,2006,1,6,0
Letters from Iwo Jima,2006,1,4,0
Pirates of the Caribbean: Dead Man's Chest,2006,1,4,0
The Danish Poet,2006,1,1,0
Happy Feet,2006,1,1,0
The Last King of Scotland,2006,1,1,0
The Lives of Others (Das Leben der Anderen),2006,1,1,0
Marie Antoinette,2006,1,1,0
West Bank Story,2006,1,1,0
The Blood of Yingzhou District,2006,1,1,0
No Country for Old Men,2007,4,8,1
The Bourne Ultimatum,2007,3,3,0
There Will Be Blood,2007,2,8,0
La Vie en Rose,2007,2,3,0
Atonement,2007,1,7,0
Michael Clayton,2007,1,7,0
Ratatouille,2007,1,5,0
Juno,2007,1,4,0
Sweeney Todd: The Demon Barber of Fleet Street,2007,1,3,0
The Golden Compass,2007,1,2,0
Elizabeth: The Golden Age,2007,1,2,0
Taxi to the Dark Side,2007,1,1,0
Peter & the Wolf,2007,1,1,0
Once,2007,1,1,0
The Mozart of Pickpockets (Le Mozart des Pickpockets),2007,1,1,0
The Counterfeiters (Die Fälscher),2007,1,1,0
Freeheld,2007,1,1,0
Slumdog Millionaire,2008,8,10,1
The Curious Case of Benjamin Button,2008,3,13,0
Milk,2008,2,8,0
The Dark Knight,2008,2,8,0
WALL-E,2008,1,6,0
The Reader,2008,1,5,0
The Duchess,2008,1,2,0
Departures,2008,1,1,0
Vicky Cristina Barcelona,2008,1,1,0
Smile Pinki,2008,1,1,0
Man on Wire,2008,1,1,0
Toyland,2008,1,1,0
The House of Small Cubes (La Maison en Petits Cubes),2008,1,1,0
The Hurt Locker,2009,6,9,1
Avatar,2009,3,9,0
Precious,2009,2,6,0
Up,2009,2,5,0
Crazy Heart,2009,2,3,0
Inglourious Basterds,2009,1,8,0
Star Trek,2009,1,4,0
The Young Victoria,2009,1,3,0
The Blind Side,2009,1,2,0
Music by Prudence,2009,1,1,0
The Secret in Their Eyes,2009,1,1,0
The Cove,2009,1,1,0
The New Tenants,2009,1,1,0
Logorama,2009,1,1,0
The King's Speech,2010,4,12,1
Inception,2010,4,8,0
The Social Network,2010,3,8,0
The Fighter,2010,2,7,0
Toy Story 3,2010,2,5,0
Alice in Wonderland,2010,2,3,0
Black Swan,2010,1,5,0
In a Better World,2010,1,1,0
The Lost Thing,2010,1,1,0
God of Love,2010,1,1,0
The Wolfman,2010,1,1,0
Strangers No More,2010,1,1,0
Inside Job,2010,1,1,0
The Artist,2011,5,10,1
Hugo,2011,5,11,0
The Iron Lady,2011,2,2,0
The Descendants,2011,1,5,0
The Girl with the Dragon Tattoo,2011,1,5,0
Midnight in Paris,2011,1,4,0
The Help,2011,1,4,0
A Separation,2011,1,2,0
The Fantastic Flying Books of Mr. Morris Lessmore,2011,1,1,0
The Shore,2011,1,1,0
Undefeated,2011,1,1,0
The Muppets,2011,1,1,0
Saving Face,2011,1,1,0
Beginners,2011,1,1,0
Rango,2011,1,1,0
Argo,2012,3,7,1
Life of Pi,2012,4,11,0
Les Misérables,2012,3,8,0
Lincoln,2012,2,12,0
Django Unchained,2012,2,5,0
Skyfall,2012,2,5,0
Silver Linings Playbook,2012,1,8,0
Zero Dark Thirty,2012,1,5,0
Amour,2012,1,5,0
Anna Karenina,2012,1,4,0
Paperman,2012,1,1,0
Brave,2012,1,1,0
Searching for Sugar Man,2012,1,1,0
Inocente,2012,1,1,0
Curfew,2012,1,1,0
12 Years a Slave,2013,3,9,1
Gravity,2013,7,10,0
Dallas Buyers Club,2013,3,6,0
Frozen,2013,2,2,0
The Great Gatsby,2013,2,2,0
Her,2013,1,5,0
Blue Jasmine,2013,1,3,0
Mr Hublot,2013,1,1,0
The Lady in Number 6: Music Saved My Life,2013,1,1,0
Helium,2013,1,1,0
The Great Beauty,2013,1,1,0
20 Feet from Stardom,2013,1,1,0
Birdman,2014,4,9,1
The Grand Budapest Hotel,2014,4,9,0
Whiplash,2014,3,5,0
The Imitation Game,2014,1,8,0
American Sniper,2014,1,6,0
Boyhood,2014,1,6,0
Interstellar,2014,1,5,0
The Theory of Everything,2014,1,5,0
Ida,2014,1,2,0
Selma,2014,1,2,0
Citizenfour,2014,1,1,0
Big Hero 6,2014,1,1,0
Crisis Hotline: Veterans Press 1,2014,1,1,0
The Phone Call,2014,1,1,0
Still Alice,2014,1,1,0
Feast,2014,1,1,0
Spotlight,2015,2,6,1
Mad Max: Fury Road,2015,6,10,0
The Revenant,2015,3,12,0
Bridge of Spies,2015,1,6,0
The Big Short,2015,1,5,0
The Danish Girl,2015,1,4,0
Room,2015,1,4,0
Ex Machina,2015,1,2,0
The Hateful Eight,2015,1,2,0
Inside Out,2015,1,2,0
Amy,2015,1,1,0
Bear Story,2015,1,1,0
A Girl in the River: The Price of Forgiveness,2015,1,1,0
Son of Saul,2015,1,1,0
Spectre,2015,1,1,0
Stutterer,2015,1,1,0
